<?xml version="1.0" encoding="UTF-8"?>
<!DOCTYPE mapper PUBLIC "-//mybatis.org//DTD Mapper 3.0//EN" "http://mybatis.org/dtd/mybatis-3-mapper.dtd">

<mapper namespace="top.liangzixin.cisample.svc.platform.order.mapper.OrderMapper">

    <resultMap id="orderResult" type="top.liangzixin.cisample.svc.platform.entity.entity.Order">
        <id column="id" property="id" jdbcType="INTEGER"/>
        <id column="name" property="name" jdbcType="VARCHAR"/>
        <id column="description" property="description" jdbcType="VARCHAR"/>
        <id column="create_time" property="createTime" jdbcType="TIMESTAMP"/>
        <id column="user_id" property="userId" jdbcType="INTEGER"/>
    </resultMap>

    <insert id="saveOrder" parameterType="top.liangzixin.cisample.svc.platform.entity.entity.Order">
          insert  into `t_order` (`name`,description,create_time,status,user_id)
          values (#{name},#{description},#{createTime},#{status},#{userId})

    </insert>



    <select id="selectOrderList" resultMap="orderResult">
        select * from `t_order`
    </select>


    <select id="selectOrderById" parameterType="java.lang.Integer" resultMap="orderResult">
        select * from `t_order` where id = #{id}
    </select>

    <select id="selectOrderListByUserId" parameterType="java.lang.Integer" resultMap="orderResult">
        select * from `t_order` where user_id = #{userId}
    </select>


    <delete id="deleteOrderById" parameterType="java.lang.Integer">
        delete from `t_order` where id = #{id}
    </delete>


    <update id="updateOrder" parameterType="top.liangzixin.cisample.svc.platform.entity.entity.Order">
        update `t_order`
        <set>
            <if test="name !=null and name !='' " >
                name = #{name} ,
            </if>
            <if test="description !=null and description !='' ">
                description = #{description},
            </if>
            <if test="status !=null and status !='' ">
                  status = #{status},
            </if>
            <if test="createTime !=null">
                create_time = #{createTime},
            </if>
            <if test="userId !=null and userId !='' ">
                user_id = #{userId}
            </if>
            where id = #{id}
        </set>
    </update>



</mapper>