<?xml version="1.0" encoding="UTF-8"?>
<configuration>

    <include resource="org/springframework/boot/logging/logback/defaults.xml"/>

    <springProperty scope="context" name="LOG_PATH" source="log.path" defaultValue="svc-order-logs"/>

    <appender name="STDOUT" class="ch.qos.logback.core.ConsoleAppender">
        <encoder>
            <pattern>${CONSOLE_LOG_PATTERN}</pattern>
            <charset>utf-8</charset>
        </encoder>
    </appender>

    <appender name="FILE_ERROR" class="ch.qos.logback.core.rolling.RollingFileAppender">
        <file>${LOG_PATH}/log_error.log</file>
        <rollingPolicy class="ch.qos.logback.core.rolling.TimeBasedRollingPolicy">
            <fileNamePattern>${LOG_PATH}/error/log-error-%d{yyyy-MM-dd}.%i.log</fileNamePattern>
            <timeBasedFileNamingAndTriggeringPolicy class="ch.qos.logback.core.rolling.SizeAndTimeBasedFNATP">
                <maxFileSize>10MB</maxFileSize>
            </timeBasedFileNamingAndTriggeringPolicy>
        </rollingPolicy>
        <append>true</append>

        <encoder class="ch.qos.logback.classic.encoder.PatternLayoutEncoder">
            <pattern>${FILE_LOG_PATTERN}</pattern>
            <charset>utf-8</charset>
        </encoder>

        <filter class="ch.qos.logback.classic.filter.LevelFilter">
            <level>error</level>
            <onMatch>ACCEPT</onMatch>
            <onMismatch>DENY</onMismatch>
        </filter>
    </appender>

    <appender name="FILE_ALL" class="ch.qos.logback.core.rolling.RollingFileAppender">
        <file>${LOG_PATH}/log_total.log</file>
        <rollingPolicy class="ch.qos.logback.core.rolling.TimeBasedRollingPolicy">
            <fileNamePattern>${LOG_PATH}/total/log-total-%d{yyyy-MM-dd}.%i.log</fileNamePattern>
            <timeBasedFileNamingAndTriggeringPolicy class="ch.qos.logback.core.rolling.SizeAndTimeBasedFNATP">
                <maxFileSize>10MB</maxFileSize>
            </timeBasedFileNamingAndTriggeringPolicy>
        </rollingPolicy>
        <append>true</append>

        <encoder class="ch.qos.logback.classic.encoder.PatternLayoutEncoder">
            <pattern>${FILE_LOG_PATTERN}</pattern>
            <charset>utf-8</charset>
        </encoder>
    </appender>

    <!--记录到文件时，记录两类一类是error日志，一个是所有日志-->
    <root level="info">
        <appender-ref ref="STDOUT"/>
        <appender-ref ref="FILE_ERROR"/>
        <appender-ref ref="FILE_ALL"/>
    </root>
</configuration>


